{
  "name": "backend",
  "version": "1.0.0",
  "description": "",
  "main": "app.js",
  "scripts": {
    "test": "echo \"Error: no test specified\" && exit 1",
    "start": "nodemon app.js",
      "dev": "nodemon app.js"
    },
  "author": "",
  "license": "ISC",
  "dependencies": {
    "body-parser": "^1.20.1",
    "cors": "^2.8.5",
    "express": "^4.18.2",
    "express-validator": "^6.15.0",
    "mongoose": "^8.2.1",
    "mongoose-unique-validator": "^5.0.0",
    "multer": "^1.4.5-lts.1",
    "uuid": "^9.0.0"
  },
  "devDependencies": {
    "nodemon": "^2.0.20"
  }
}
